link,isempty,status_code
https://github.com/alinafdima/3Dseg-mip-depth,True,200
https://github.com/df-boy/SGTNet,False,200
https://github.com/HengCai-NJU/3D2DCT,False,200
https://github.com/OmkarThawakar/STT-UNET,False,200
https://github.com/uncbiag/robot,False,200
https://github.com/estanley16/SimBA,False,200
https://github.com/lianjizhe/MADDR_code,False,200
https://github.com/imzhangyd/MoTT.git,False,200
https://github.com/shiy19/IFE-classification,False,200
https://github.com/dreets/pitnet-anat-public,True,200
https://github.com/BaochangZhang/PSSS_registration,True,200
https://github.com/perceivelab/PLAN,False,200
https://github.com/key1589745/Multi-view_liver,True,200
https://github.com/AinkaranSanthi/A-Sheaf-Theoretic-Perspective-for-Robust-Segmentation,False,200
https://github.com/AlfredQin/STNet,False,200
https://github.com/ostadabbas/NNS-Detection-and-Segmentation,False,200
https://github.com/Zirui0623/A2FSeg.git,False,200
https://github.com/kiharalab/ACC-UNet,False,200
https://github.com/mylyu/M4Raw,False,200
https://github.com/charlesyou999648/ACTION,False,200
https://github.com/GiantJun/CL_Pytorch,False,200
https://github.com/masadcv/MONet-MONAILabel,False,200
https://github.com/DeepMicroscopy/AdaptiveRegionSelection,False,200
https://github.com/lifangda01/AdaptiveSupervisedPatchNCE,False,200
https://github.com/maxiao0234/ARTran,False,200
https://github.com/SaberPRC/IsointenseBrainTissueSeg.git,True,200
https://github.com/yuyouxixi/airway-labeling/tree/main,False,200
https://github.com/zhiyuns/AFCM,False,200
https://github.com/pazadimo/ALL-IN,False,200
https://github.com/windstormer/AME-CAM,False,200
https://github.com/nadeemlab/DeepLIIF,False,200
https://github.com/Junchao-Zhu/TCSegNet,False,200
https://github.com/SVRTK/Fetal-T2star-Recon,True,200
https://github.com/fiy2W/mri_seq2seq,False,200
https://github.com/favour-nerrise/xGW-GAT,False,200
https://github.com/SH-Diao123/MSIR,True,200
https://github.com/seriee/Multiresolution-HTC.git,False,200
https://github.com/philip-mueller/adpd,False,200
https://github.com/MIC-DKFZ/batchgenerators,False,200
https://github.com/RuishengSu/AngioMoCo,True,200
https://github.com/tomeramit/Annotator-Consensus-Prediction,False,200
https://github.com/HUANGLIZI/LViT,False,200
https://github.com/DuYooho/ArSDM,False,200
https://github.com/lu-yizhou/ClusterSeg,False,200
https://github.com/hao1635/ASCON,False,200
https://github.com/ThierryJudge/contouring-uncertainty,True,200
https://github.com/rongzhou7/ADCCA,False,200
https://github.com/MIC-DKFZ/MITK-Diffusion,False,200
https://github.com/LuyueShi/gastric-varices,True,200
https://github.com/hamidehkerdegari/Muscle-view-retrieval,False,200
https://github.com/Saeeeae/Internal-Tooth-Segmentation,True,200
https://github.com/takimailto/BerDiff,True,200
https://github.com/ZijianD/Brain-TokenGT.git,False,200
https://github.com/FlynnYe/BMCL,True,200
https://github.com/PlayerSAL/KGA-Net,True,200
https://github.com/sunfan-bvb/BoundaryDoULoss,False,200
https://github.com/neerakara/BWCR,False,200
https://github.com/goodaycoder/BAR,False,200
https://github.com/IntelliDAL/Graph/tree/main/BrainUSL,False,200
https://github.com/med-i-lab/evidential_graph_transformers/,True,404
https://github.com/jadie1/PointCompletionSSM,False,200
https://github.com/candyknife/CARL,True,200
https://github.com/zixuzhuang/OAI_seg,False,200
https://github.com/longbai1006/CAT-ViL,False,200
https://github.com/ayanglab/CDiffMR,True,200
https://github.com/ZhenrongShen/CellGAN,False,200
https://github.com/QuIIL/KBSMC_colon_cancer_grading_dataset,False,200
https://github.com/othmanela/medical_cert_seg,True,200
https://github.com/zc2024/Causal_CXR,False,200
https://github.com/microsoft/MedImaging-ModelDriftMonitoring,False,200
https://github.com/zhanghx-iim-ahu/CircleFormer,False,200
https://github.com/tianbjtu/CL-ADDA.git,False,200
https://github.com/Danyin813/CAFA.,True,404
https://github.com/med-air/Client-DP-FL,False,200
https://github.com/ycwu1997/CoactSeg,False,200
https://github.com/shannak-chen/CNLC,True,404
https://github.com/SeeMeInCrown/CoLa_Diff_MultiModal_MRI_Synthesis,False,200
https://github.com/brain-intelligence-lab/GIRNet,True,404
https://github.com/XueyangWWW/CSGF,True,200
https://github.com/han-liu/COLosSAL,True,404
https://github.com/jhonP-Li/MRC_VFC,False,200
https://github.com/Binz-Chen/MICCAI2023_SSCL,False,200
https://github.com/ubc-tea/Com-BrainTF,False,200
https://github.com/xhu248/cond_ddpm_wsss,False,200
https://github.com/m-qiang/CoTAN,False,200
https://github.com/yulequan/UA-MT/tree/88ed29ad794f877122e542a7fa9505a76fa83515/data,False,200
https://github.com/xmed-lab/CPR,False,200
https://github.com/Show-han/PET-Reconstruction,False,200
https://github.com/Jhih-Ciang/PANDA-MIL,False,200
https://github.com/cchen-cc/CMITM,False,200
https://github.com/xianlin7/ConvFormer,False,200
https://github.com/MIC-DKFZ/cOOpD,False,200
https://github.com/Herschel555/CAML,False,200
https://github.com/YH-Qiu/CorSegRec,True,200
https://github.com/SCAN-NRAD/CortexMorph,False,200
https://github.com/edurbi/MICCAI2023,False,200
https://github.com/PotatoThanh/Cross-adversarial-local-distribution-regularization,True,200
https://github.com/JayParanjape/Barlow-Adaptor,False,200
https://github.com/VIROBO-15/XM-GAN,False,200
https://github.com/cychoi97/GGCL,False,200
https://github.com/hsu-lab/ctflow,False,200
https://github.com/kakaobrain/cxr-clip,True,404
https://github.com/RemaDaher/CycleSTTN,False,200
https://github.com/csccsccsccsc/DARC,True,200
https://github.com/aimagelab/mil4wsi,False,200
https://github.com/mpavlak25/data-audit,False,200
https://github.com/Aru321/DBTrans,True,200
https://github.com/wxfaaaaa/DCNet,False,200
https://github.com/tinymilky/DeDA,True,200
https://github.com/RViMLab/homography_imitation_learning,False,200
https://github.com/zcwang0702/DeepFieldEffect_StromaNet,True,404
https://github.com/kaipackhaeuser/PriCheXy-Net,False,200
https://github.com/SilenceMonk/Dual-Mutual-Distillation,False,200
https://github.com/DIDSR/DomId,False,200
https://github.com/mturja-vf-ic-bd/DeepGraphDMD,False,200
https://github.com/deeksha-ms/DeepSOZ.git,False,200
https://github.com/hrlblab/MolecularEL,False,200
https://github.com/IMSY-DKFZ/prevalence-shifts,False,200
https://github.com/br0202/Sensing_area_detection.git,False,200
https://github.com/thebestannie/Detection-free-MICCAI2023,False,200
https://github.com/limy-ulab/US-SEG,True,200
https://github.com/dasklarleo/fMRI_meta/tree/main,True,200
https://github.com/ShishuaiHu/CCSDG,False,200
https://github.com/xmed-lab/DHC,False,200
https://github.com/zifuwanggg/JDTLosses,False,200
https://github.com/scufzh/DiffDP,False,200
https://github.com/waltsims/dbua,False,200
https://github.com/scott-yjyang/DiffMIC,False,200
https://github.com/hvcl/DiffMix,False,200
https://github.com/momopusheen/DiffULD,True,200
https://github.com/Medical-AI-Lab-of-JNU/DKM,True,404
https://github.com/ibrahimethemhamamci/DENTEX,False,200
https://github.com/ImFusionGmbH/DISA-universal-multimodal-registration,False,200
https://github.com/xinwangxinwang/DisAsymNet,True,404
https://github.com/Yebulabula/DisC-Diff,False,200
https://github.com/batmanlab/MICCAI-2023-Route-interpret-repeat-CXRs#downloading-data,False,200
https://github.com/noc-lab/drl_mri,False,200
https://github.com/hexiaoxiao-cs/DMCVR,False,200
https://github.com/amithjkamath/to_skip_or_not,True,404
https://github.com/Negin-Ghamsarian/Transformation-Invariant-Self-Training-MICCAI23,False,200
https://github.com/htregidgo/joint_diffusion_structural_seg,True,404
https://github.com/ruefene/doselo,False,200
https://github.com/Yaziwel/Multi-Center-PET-Image-Synthesis,False,200
https://github.com/jmzhang79/Dual-ArbNet,False,200
https://github.com/FetalUltrasound/DCDM,False,200
https://github.com/Jiazhen-Wang/D2MC-Net-main,True,200
https://github.com/Joey2117/DCLU,True,200
https://github.com/fightingkitty/MHGSA,True,200
https://github.com/Leng-10/DH-ProGCN,False,200
https://github.com/MasoudMo/echoglad,False,200
https://github.com/zylbuaa/ECL.git,False,200
https://github.com/Mak-Ta-Reque/EdgeAL,False,200
https://github.com/Haolin-Yuan/EdgeMixup,False,200
https://github.com/OvO1111/EfficientSubclassLearning,False,200
https://github.com/JCruan519/EGE-UNet,False,200
https://github.com/maxrohleder/FUME,False,200
https://github.com/CAMMA-public/SurgLatentGraph,True,200
https://github.com/Ruyi-Zha/endosurf.git,False,200
https://github.com/sd0809/EoFormer,False,200
https://github.com/jeremykawahara/derm7pt,False,200
https://github.com/theator/etc,False,200
https://github.com/KellaDoe/ERNN,True,200
https://github.com/neuluna/ga-unet,True,404
https://github.com/alfieroddan/Explainable-Image-Classification,True,200
https://github.com/kang105/TSGR,False,200
https://github.com/cpystan/PSM,False,200
https://github.com/code-Porunacabeza/gaze_seg/,False,200
https://github.com/boxiangyun/Dual-Stream-MHSI,False,200
https://github.com/XuZikang/FairAdaBN,False,200
https://github.com/tpinetz/low-dose-gadolinium-mri-synthesis,False,200
https://github.com/OnofreyLab/dl-hmc_fast_recon_miccai2023,False,200
https://github.com/HReynaud/EchoDiffusion,False,200
https://github.com/hectorcarrion/fedd,False,200
https://github.com/wnn2000/FedIIC,False,200
https://github.com/ubc-tea/FedSoup,False,200
https://github.com/haijunkenan/FE-STGNN,False,200
https://github.com/faresmalik/FeSViBS,False,200
https://github.com/YazhouZhu19/RPT,False,200
https://github.com/BL-Zeng/AMCNet,False,200
https://github.com/ladderlab-xjtu/forensic_pathology,False,200
https://github.com/openmedlab/Endo-FM,False,200
https://github.com/Masaaki-75/freeseed,False,200
https://github.com/asif-hanif/vafa,False,200
https://github.com/liamheng/Non-IID_Medical_Image_Segmentation,False,200
https://github.com/Golriz-code/DMC.git,True,404
https://github.com/xmed-lab/FSDiffReg.git,False,200
https://github.com/jadie1/BVIB-DeepSSM,False,200
https://github.com/li-xirong/mmc-amd,False,200
https://github.com/HMS-CardiacMR/Myocardial_Scar_Detection,False,200
https://github.com/huangwudiduan/GIMP,True,200
https://github.com/Meteorary/GALA,False,200
https://github.com/xmed-lab/GL-Fusion,False,200
https://github.com/nisargshah1999/GLSFormer,True,200
https://github.com/MediaBrain-SJTU/GPFL-GRACE,False,200
https://github.com/wulalago/GSMorph,False,200
https://github.com/Zrrr1997/Guiding-The-Guidance,False,200
https://github.com/CUHK-AIM-Group/HHGM,True,404
https://github.com/LouieBHLu/HACL-Net,False,200
https://github.com/ShanghaiTech-IMPACT/Periodental_Disease,True,200
https://github.com/shijun18/H-DenseFormer,False,200
https://github.com/CODESofWenqi/HENet,True,200
https://github.com/PLAN-Lab/CheXRelFormer,False,200
https://github.com/isogawalab/SingleViewSurgicalVideo,False,200
https://github.com/MWod/DeepImplant_MICCAI_2023,True,200
https://github.com/HKU-MedAI/HIGT,False,200
https://github.com/hvcl/Deep-Manifold-Contrastive-Learning,False,200
https://github.com/VITA-Group/PruneCXR,False,200
https://github.com/MayankGupta73/Robust-Calibration,False,200
https://github.com/TencentAILabHealthcare/IIB-MIL,False,200
https://github.com/charlesyou999648/MORSE,False,200
https://github.com/jaejin-cho/miccai2023,False,200
https://github.com/DasuberVetLeonidas/SwooshActivationFunction,False,200
https://github.com/liyiersan/MSA,True,200
https://github.com/yezi-66/IFE,False,200
https://github.com/XRad-Ulm/Proto-Caps,False,200
https://github.com/Sidaty1/Intraoperative_CT_augmentation,True,200
https://github.com/uncbiag/ByConstructionICON,False,200
https://github.com/BioMedAI-UCSC/InverseSR,False,200
https://github.com/Dootmaan/ICMIL,False,200
https://github.com/kitbransby/Joint_Graph_Segmentation,False,200
https://github.com/ViktorvdValk/Task-Specific-VAE,False,200
https://github.com/Henningson/HLEDataset,False,200
https://github.com/ChenXiaoFei-CS/KoBo,False,200
https://github.com/AIEyeSystem/LpDA,False,200
https://github.com/egeozsoy/4D-OR,False,200
https://github.com/mindflow-institue/Laplacian-Former,False,200
https://github.com/AINeurosurgery/Learnable-QPD-for-maskDINO,False,200
https://github.com/haijunkenan/LSGNN,False,200
https://github.com/chrisdcs/LAMA-Learned-Alternating-Minimization-Algorithm,False,200
https://github.com/seuzjj/ACIFBN,False,200
https://github.com/xmed-lab/DIF-Net,False,200
https://github.com/rouge1616/ExApp/,False,200
https://github.com/CRazorback/OHSR,False,200
https://github.com/nileshkumar0726/Learning_Transformations,False,200
https://github.com/Yanjie-Z/DomainKnowledge4AD,False,200
https://github.com/xyang258/livdetSDG,False,200
https://github.com/IntelliDAL/Image,False,200
https://github.com/longbai1006/LLCaps,False,200
https://github.com/sergiotasconmorales/locvqa,False,200
https://github.com/MASILab/lmsignatures,False,200
https://github.com/danivelikova/lotus,False,200
https://github.com/neu-szy/dual-guidance_LDCT_SR,False,200
https://github.com/ouyangjiahong/longitudinal-som-single-modality,False,200
https://github.com/ctom2/lucyd-deconvolution/,False,200
https://github.com/Information-Fusion-Lab-Umass/CUSSP_UKB_MR,False,200
https://github.com/matt-baugh/pytorch-poisson-image-editing,False,200
https://github.com/MoriLabNU/MFC,True,200
https://github.com/pengfeiliHEU/MUMC,False,200
https://github.com/agosl/Maximum-Entropy-on-Erroneous-Predictions/,False,200
https://github.com/LipengNing/ME-RDD/tree/main/MICCAI_example,True,404
https://github.com/SMU-MedicalVision/MDA-SR,False,200
https://github.com/siyi-wind/MDViT,False,200
https://github.com/jcwang123/MBDiff,True,200
https://github.com/MIC-DKFZ/MedNeXt,False,200
https://github.com/hongwang01/MEPNet,False,200
https://github.com/MungoMeng/Survival-XSurv,False,200
https://github.com/iyerkrithika21/mesh2SSM_2023/tree/main,False,200
https://github.com/jannisborn/covid19 ultrasound,True,404
https://github.com/cheliu-computation/m-flag-miccai2023,False,200
https://github.com/MaloADBA/MGenSeg_2D,False,200
https://github.com/HaojunYu1998/UltraDet,False,200
https://github.com/yuan-12138/MI-SegNet,False,200
https://github.com/naivete5656/MDPAFOF,False,200
https://github.com/vito1820/MoCoSR,True,404
https://github.com/IntelliDAL/Graph/tree/main/SMP-Net,False,200
https://github.com/ZAX130/SmileCode,False,200
https://github.com/MalikTeng/ModusGraph,False,200
https://github.com/xmed-lab/MSSG,False,200
https://github.com/joseph-kettelkamp/5D_MRI,False,200
https://github.com/XueyangLiOSU/MPBD-LSTM,False,200
https://github.com/uncbiag/MRIS,False,200
https://github.com/TABLAB-HKUST/MulHiST,False,200
https://github.com/agaldran/mhml_calibration,False,200
https://github.com/bintsi/adaptive-graph-learning,False,200
https://github.com/qidianzl/Multimodal-Deep-Fusion-in-Hyperbolic-Space,False,200
https://github.com/alawryaguila/multimodal-normative-models,False,200
https://github.com/qgking/MM-CL.git,False,200
https://github.com/MediaBrain-SJTU/ECGAD,False,200
https://github.com/Baeksweety/superpixel_transformer,False,200
https://github.com/H51705/FSS_MPSNet,False,200
https://github.com/MIC-DKFZ/MultiTalent,False,200
https://github.com/MurasakiLin/prompt-DA,False,200
https://github.com/MoriLabNU/MGMDepthL,True,200
https://github.com/ShanghaiTech-IMPACT/Multi-View-Vertebra-Localization-and-Identification-from-CT-Images,False,200
https://github.com/4m4n5/NASDM,False,200
https://github.com/Loping151/LerPlane,False,200
https://github.com/Novestars/Neural_Pre_Processing,False,200
https://github.com/ladderlab-xjtu/NeuroExplainer,True,200
https://github.com/NILOIDE/Implicit_segmentation,False,200
https://github.com/MungoMeng/Registration-NICE-Trans,False,200
https://github.com/MedAI-Clemson/pda_detection,False,200
https://github.com/myeongkyunkang/FedISCA,False,200
https://github.com/hsiangyuzhao/TBIOneShot,False,200
https://github.com/tjvsonsbeek/open-ended-medical-vqa,False,200
https://github.com/MarilynKeller/HumerusPlate,False,200
https://github.com/ZhangZ7112/PVA-CAS,False,200
https://github.com/Cassie07/PathOmics,False,200
https://github.com/eyalhana/PCMC-T1,False,200
https://github.com/benjamindkilleen/pelphix,False,200
https://github.com/Sutuk/Clinical-data-on-pelvic-fractures,False,200
https://github.com/YzzLiu/FracSegNet,False,200
https://github.com/rmrisforbidden/CauMedical.git,False,200
https://github.com/batmanlab/MRE-PINN,False,200
https://github.com/VimsLab/DRIFT,False,200
https://github.com/EndoluminalSurgicalVision-IMR/CCFV,False,200
https://github.com/Torbjorn1997/PIViT,False,200
https://github.com/CrystalWei626/PLD_AL,False,200
https://github.com/WeixiongLin/PMC-CLIP,False,200
https://github.com/pfriedri/pcdiff-implant,False,200
https://github.com/iMED-Lab/Polar-Net-Pytorch.git,True,200
https://github.com/WkEEn/PAMA,False,200
https://github.com/bowang-lab/DPM-MedImgEnhance,False,200
https://github.com/DevD1092/seizure-detection,True,200
https://github.com/Seasonsling/PETNet,True,200
https://github.com/caijd2000/MICCAI2023-VVC-Screening,False,200
https://github.com/cvlab-stonybrook/PromptMIL,False,200
https://github.com/hooman007/ProtoASNet,False,200
https://github.com/ladderlab-xjtu/DeepPWML,False,200
https://github.com/peijie-chiu/QC-ResUNet,True,200
https://github.com/xmed-lab/RIDL,False,200
https://github.com/ChantalMP/Rad-ReStruct,False,200
https://github.com/iMED-Lab/RBGnet-Pytorch.git,True,200
https://github.com/mkang315/RCS-YOLO,False,200
https://github.com/surgical-vision/REIM-NeRF,False,200
https://github.com/BeileiCui/MS-TFAL,False,200
https://github.com/IBM/DOT,False,200
https://github.com/wzjialang/SR-AQA,False,200
https://github.com/ThijsKuipers1995/gconv,False,200
https://github.com/dryewu/RDSI,False,200
https://github.com/Cocofeat/EyeMoSt,False,200
https://github.com/YouZhouRUC/MM-RAF,False,200
https://github.com/MedMNIST/MedMNIST,False,200
https://github.com/maxdreyer/Reveal2Revise,False,200
https://github.com/YongshengPan/ASEG-for-PET2CT,False,200
https://github.com/ci-ber/PHANES,False,200
https://github.com/longbai1006/CS-VQLA,False,200
https://github.com/FarihaHossain/SwinFSR,False,200
https://github.com/ss-sun/right-for-the-wrong-reason,False,200
https://github.com/MELDProject/meld_graph,False,200
https://github.com/feimanman/Cervical-Abnormal-Cell-Detection,False,200
https://github.com/Medical-Image-Analysis-Laboratory/Perinatal_fODF_DL_estimation,False,200
https://github.com/smilell/Topology-aware-Segmentation-using-Euler-Characteristic,False,200
https://github.com/ImFusionGmbH/VID-vertebra-identification-dataset,False,200
https://github.com/lofrienger/S2ME,False,200
https://github.com/alexanderbaumann99/S3M,False,200
https://github.com/dzp2095/FedLSM,False,200
https://github.com/SplinterLi/SaTTCA,False,200
https://github.com/MASILab/RepUX-Net,False,200
https://github.com/AfsahS/Supervised-Contrastive-Ordinal-Loss-for-Ordinal-Regression,False,200
https://github.com/xmed-lab/SEDSkill,False,200
https://github.com/Lion-shine/Segment-Membranes-and-Nuclei-from-Histopathological-Images-via-Nuclei-Point-level-Supervision,False,200
https://github.com/MedVisBonn/Segmentation-Distortion/,False,200
https://github.com/neheller/kits19/blob/master/LICENSE,False,200
https://github.com/bastianlb/segmentOR,False,200
https://github.com/TrustAI/SEAT,False,200
https://github.com/Medsemiseg/SCP-Net,False,200
https://github.com/CAMMA-public/cholect45,False,200
https://github.com/chinmay5/ms_progression,False,200
https://github.com/weigertlab/tarrow,False,200
https://github.com/RoyHirsch/endossl,False,200
https://github.com/FrancescaDB/self_supervised_PBPK_modelling,False,200
https://github.com/j-morano/multimodal-ssl-fpn,False,200
https://github.com/yilmazkorkmaz1/ssdiffrecon,False,200
https://github.com/AlexYouXin/LA-LAA-segmentation,False,200
https://github.com/IMSY-DKFZ/htc,False,200
https://github.com/IsYuchenYuan/SSCI,False,200
https://github.com/hritam-98/GFDA-disentangled,False,200
https://github.com/scut-cszcl/SFusion,False,200
https://github.com/dengchihwei/LCNetVesselSeg,False,200
https://github.com/jhl-Det/FLA-Net,False,200
https://github.com/xiely-123/SHISRCNet,False,200
https://github.com/Abner228/SmileCode,False,200
https://github.com/jqmcginnis/multi_contrast_inr/,False,200
https://github.com/weilunhuang-jhu/LesionCorrespondenceTBP3D,False,200
https://github.com/Carboxy/SLPD,False,200
https://github.com/YunanWu2168/SA-MIL,False,200
https://github.com/lwjie595/GANLC,False,200
https://github.com/CSCYQJ/MICCAI23-ProtoContra-SFDA,False,200
https://github.com/lloongx/SFDA-CBMT,False,200
https://github.com/RPIDIAL/SAMix,False,200
https://github.com/zzzzzzpc/FUnet,False,200
https://github.com/rohand24/STAR_Echo,True,200
https://github.com/MICS-Lab/s4_digital_pathology,False,200
https://github.com/HieuPhan33/MaskGAN,False,200
https://github.com/SiyuLiu0329/DiDiGAN-final,True,404
https://github.com/CAMMA-public/mcit-ig,False,200
https://github.com/franciszchen/SCA-Net,False,200
https://github.com/lalithjets/SurgicalGPT,False,200
https://github.com/UCSC-VLAA/SwinMM/,False,200
https://github.com/Project-MONAI/MONAI/blob/dev/monai/networks/nets/swin_unetr.py,False,200
https://github.com/charzharr/miccai23-swipe-implicit-segmentation/blob/master/README.md,True,200
https://github.com/Netherlands-Cancer-Institute/CE-MRI,False,200
https://github.com/MECLabTUDA/CataSynth,False,200
https://github.com/AdalbertoCq/Pathology-GAN,False,200
https://github.com/SanoScience/Tab-Attention,False,200
https://github.com/EndoluminalSurgicalVision-IMR/TCL,False,200
https://github.com/dyalcink/dQC,True,200
https://github.com/prasunc/PAWP,False,200
https://github.com/Yunkun-Zhang/CITE,False,200
https://github.com/mattgroh/fitzpatrick17k,False,200
https://github.com/M3DV/pulmonary-tree-repairing,False,200
https://github.com/zutsusemi/MICCAI2023-TopoLab-Labels/,False,200
https://github.com/Arturia-Pendragon-Iris/UHRCT_SR,False,200
https://github.com/mattgroh/fitzpatrick17k,False,200
https://github.com/Kaz-K/medical-image-editing,False,200
https://github.com/yulequan/UA-MT/tree/master/data,False,200
https://github.com/geoffroyO/onlineEM,False,200
https://github.com/chehx/DGDR,False,200
https://github.com/zhangst431/TPRO,False,200
https://github.com/Sidaty1/IVUS_Trakerless_Volume_Reconstruction,True,200
https://github.com/LeonBP/SuperPointTrackingAdaptation,False,200
https://github.com/CityU-AIM-Group/TGMA,True,200
https://github.com/Merrical/TAB,False,200
https://github.com/marziehoghbaie/VLFAT,False,200
https://github.com/sherrydoge/TransLiver,False,200
https://github.com/zhenqi-he/transnuseg,False,200
https://github.com/Chen-Ziyang/TriD,False,200
https://github.com/sarayar/TriAnGIL,True,200
https://github.com/gluucose/TriDoFormer,False,200
https://github.com/Bala93/MarginLoss,False,200
https://github.com/huiminxiong/TSegFormer,False,200
https://github.com/knu-plml/ecg-recon,False,200
https://github.com/liuquande/SAML,False,200
https://github.com/KarryRen/UML,False,200
https://github.com/IML-DKFZ/sf-visuals,False,200
https://github.com/ReubenDo/MHVAE,False,200
https://github.com/tomfrankkirk/svb_evaluation,False,200
https://github.com/yeerwen/UniSeg,False,200
https://github.com/GQBBBB/UCI,False,200
https://github.com/marksgraham/transformer-ood,False,200
https://github.com/multimodallearning/reg-cyclical-self-train,False,200
https://github.com/paulalopez10/Deep-Diffusion-Unsupervised-Classification-3D-Mesh,False,200
https://github.com/uncbiag/diffusion-3D-discovery,True,200
https://github.com/jhb86253817/UDA_Med_Landmark,False,200
https://github.com/IMSY-DKFZ/UDT-cINN,False,200
https://github.com/heqin-zhu/UOD_universal_oneshot_detection,False,200
https://github.com/XiaoweiXu/Dataset_Type-B-Aortic-Dissection,False,200
https://github.com/CelestialShine/Longitudinal-Chest-X-Ray,True,404
https://github.com/Tinysqua/UWAT-GAN,False,200
https://github.com/ai-med/V2CC,True,404
https://github.com/intra3d2019/IntrA,False,200
https://github.com/yanzipei/VF-HM,False,200
https://github.com/sharif-ml-lab/visa-fss,False,200
https://github.com/Shao1Fan/G-Swin-Transformer,False,200
https://github.com/mishgon/vox2vec,False,200
https://github.com/topolearn,True,400
https://github.com/Lemonzhoumeng/SC-Net,False,200
https://github.com/rohban-lab/Drug-Efficiency-Estimation-with-Confidence-Score,False,200
https://github.com/Guerbet-AI/wsp-contrastive,False,200
https://github.com/weijun88/WeakPolyp,False,200
https://github.com/ci-ber/MorphAEus,False,200
https://github.com/ChantalMP/Xplainer,False,200
https://github.com/Pragyanstha/SCR-Registration,False,200
https://github.com/ayanglab/MedSynAnalyzer,False,200
https://github.com/wuyongjianCODE/VLPMNuD,False,200